models,images
HCL ME AE1V2735-I, https://s3n.cashify.in/cashify/product/img/xhdpi/ME_Series.jpg
HCL ME Notebook(TB000005), https://s3n.cashify.in/cashify/product/img/xhdpi/ME_Series.jpg
HCL ME Notebook(AE2V0148-I), https://s3n.cashify.in/cashify/product/img/xhdpi/ME_Series.jpg
HCL ME Notebook AE1V3434-X), https://s3n.cashify.in/cashify/product/img/xhdpi/ME_Series.jpg
HCL ME Notebook(AE2V0009-I), https://s3n.cashify.in/cashify/product/img/xhdpi/ME_Series.jpg
HCL ME Notebook (TB000009), https://s3n.cashify.in/cashify/product/img/xhdpi/ME_Series.jpg
HCL AE1V3113-I ME, https://s3n.cashify.in/cashify/product/img/xhdpi/ME_Series.jpg
HCL 1065 AE2V0027-I, https://s3n.cashify.in/cashify/product/img/xhdpi/b518e77b-3840.jpg
HCL AE2V0155N Notebook, https://s3n.cashify.in/cashify/product/img/xhdpi/b518e77b-3840.jpg
HCL ME Xite M 1014, https://www.cashify.in/static/b.png
Hcl Me Notebook (Ae1V2963-I), https://s3n.cashify.in/cashify/product/img/xhdpi/ME_Series.jpg
HCL Value AE1V3495-I, https://s3n.cashify.in/cashify/product/img/xhdpi/b518e77b-3840.jpg
HCL ME Notebook(AE2V0262N), https://s3n.cashify.in/cashify/product/img/xhdpi/ME_Series.jpg
HCL AE2V0130-U Notebook, https://s3n.cashify.in/cashify/product/img/xhdpi/b518e77b-3840.jpg
HCL ME AE1V2707-I, https://s3n.cashify.in/cashify/product/img/xhdpi/ME_Series.jpg
HCL 3074 AE1V3333-U, https://s3n.cashify.in/cashify/product/img/xhdpi/b518e77b-3840.jpg
HCL 1065 AE2V0032-I, https://s3n.cashify.in/cashify/product/img/xhdpi/b518e77b-3840.jpg
HCL 2025 AE1V3281-X, https://s3n.cashify.in/cashify/product/img/xhdpi/b518e77b-3840.jpg
HCL 1065 AE2V0023-I, https://s3n.cashify.in/cashify/product/img/xhdpi/b518e77b-3840.jpg
HCL ME Notebook(AE2F0054N), https://s3n.cashify.in/cashify/product/img/xhdpi/ME_Series.jpg
HCL 1144 Notebook (AE2V0259N), https://s3n.cashify.in/cashify/product/img/xhdpi/b518e77b-3840.jpg
HCL ME Notebook (TB000007), https://s3n.cashify.in/cashify/product/img/xhdpi/ME_Series.jpg
HCL AE2V0156N Notebook, https://s3n.cashify.in/cashify/product/img/xhdpi/b518e77b-3840.jpg
HCL 1011 (AE2V0164-I), https://s3n.cashify.in/cashify/product/img/xhdpi/b518e77b-3840.jpg
HCL 2025 AE1V3527-X, https://s3n.cashify.in/cashify/product/img/xhdpi/b518e77b-3840.jpg
HCL AE1V3089 Laptop, https://www.cashify.in/static/b.png
Hcl Notebook (Ae1V3424-X), https://s3n.cashify.in/cashify/product/img/xhdpi/b518e77b-3840.jpg
HCL ME Notebook(AE2F0059N), https://s3n.cashify.in/cashify/product/img/xhdpi/ME_Series.jpg
HCL ME Notebook(AE1V3534-I), https://s3n.cashify.in/cashify/product/img/xhdpi/ME_Series.jpg
HCL AE1V3053-I ME, https://s3n.cashify.in/cashify/product/img/xhdpi/ME_Series.jpg
HCL ME Notebook (AE1V3300-I), https://s3n.cashify.in/cashify/product/img/xhdpi/ME_Series.jpg
HCL ME Notebook (AE1V3346N), https://s3n.cashify.in/cashify/product/img/xhdpi/ME_Series.jpg
HCL 1065 AE2V0080-I, https://s3n.cashify.in/cashify/product/img/xhdpi/b518e77b-3840.jpg
Hcl 1011 Netbook, https://s3n.cashify.in/cashify/product/img/xhdpi/b518e77b-3840.jpg
HCL 1065 AE2V0046-I, https://s3n.cashify.in/cashify/product/img/xhdpi/b518e77b-3840.jpg
HCL P9913 PDP T2060, https://s3n.cashify.in/cashify/product/img/xhdpi/1ea21b38-434a.jpg
